recorded_at_utc,repo,stars,days_since_baseline
2026-09-09T01:07:12.817Z,KeWang0622/clonetax,0,0.00
2026-09-09T01:07:12.817Z,KeWang0622/cachebill,0,0.00
2026-09-09T08:06:43.594Z,KeWang0622/clonetax,0,0.29
2026-09-09T08:06:43.594Z,KeWang0622/cachebill,0,0.29
2026-09-10T08:06:05.959Z,KeWang0622/clonetax,0,1.29
2026-09-10T08:06:05.959Z,KeWang0622/cachebill,0,1.29
2026-09-11T08:01:02.926Z,KeWang0622/clonetax,0,2.29
2026-09-11T08:01:02.926Z,KeWang0622/cachebill,0,2.29
2026-09-12T07:53:18.087Z,KeWang0622/clonetax,0,3.28
2026-09-12T07:53:18.087Z,KeWang0622/cachebill,0,3.28
2026-09-13T08:16:25.420Z,KeWang0622/clonetax,0,4.30
2026-09-13T08:16:25.420Z,KeWang0622/cachebill,0,4.30
2026-09-14T08:51:53.631Z,KeWang0622/clonetax,0,5.32
2026-09-14T08:51:53.631Z,KeWang0622/cachebill,0,5.32
2026-09-15T08:38:27.399Z,KeWang0622/clonetax,0,6.32
2026-09-15T08:38:27.399Z,KeWang0622/cachebill,0,6.32
2026-09-16T08:33:04.078Z,KeWang0622/clonetax,0,7.31
2026-09-16T08:33:04.078Z,KeWang0622/cachebill,0,7.31
2026-09-17T08:37:03.172Z,KeWang0622/clonetax,0,8.31
2026-09-17T08:37:03.172Z,KeWang0622/cachebill,0,8.31
2026-09-18T08:12:27.526Z,KeWang0622/clonetax,0,9.30
2026-09-18T08:12:27.526Z,KeWang0622/cachebill,0,9.30
2026-09-19T08:00:38.682Z,KeWang0622/clonetax,0,10.29
2026-09-19T08:00:38.682Z,KeWang0622/cachebill,0,10.29
2026-09-20T08:33:04.604Z,KeWang0622/clonetax,0,11.31
2026-09-20T08:33:04.604Z,KeWang0622/cachebill,0,11.31
2026-09-21T08:53:32.529Z,KeWang0622/clonetax,0,12.33
2026-09-21T08:53:32.529Z,KeWang0622/cachebill,0,12.33
2026-09-22T08:29:56.994Z,KeWang0622/clonetax,0,13.31
2026-09-22T08:29:56.994Z,KeWang0622/cachebill,0,13.31
2026-09-23T08:32:12.476Z,KeWang0622/clonetax,0,14.31
2026-09-23T08:32:12.476Z,KeWang0622/cachebill,0,14.31
2026-09-24T08:24:59.117Z,KeWang0622/clonetax,0,15.31
2026-09-24T08:24:59.117Z,KeWang0622/cachebill,0,15.31
2026-09-25T08:46:59.242Z,KeWang0622/clonetax,0,16.32
2026-09-25T08:46:59.242Z,KeWang0622/cachebill,0,16.32
2026-09-26T08:33:22.592Z,KeWang0622/clonetax,0,17.31
2026-09-26T08:33:22.592Z,KeWang0622/cachebill,0,17.31
2026-09-27T09:13:01.704Z,KeWang0622/clonetax,0,18.34
2026-09-27T09:13:01.704Z,KeWang0622/cachebill,0,18.34
2026-09-28T09:42:41.860Z,KeWang0622/clonetax,0,19.36
2026-09-28T09:42:41.860Z,KeWang0622/cachebill,0,19.36
2026-09-29T09:46:49.661Z,KeWang0622/clonetax,0,20.36
2026-09-29T09:46:49.661Z,KeWang0622/cachebill,0,20.36
2026-09-30T09:39:17.835Z,KeWang0622/clonetax,0,21.36
2026-09-30T09:39:17.835Z,KeWang0622/cachebill,0,21.36
2026-10-01T10:05:12.802Z,KeWang0622/clonetax,0,22.38
2026-10-01T10:05:12.802Z,KeWang0622/cachebill,0,22.38
2026-10-02T09:42:48.744Z,KeWang0622/clonetax,0,23.36
2026-10-02T09:42:48.744Z,KeWang0622/cachebill,0,23.36
2026-10-03T09:06:39.046Z,KeWang0622/clonetax,0,24.33
2026-10-03T09:06:39.046Z,KeWang0622/cachebill,0,24.33
2026-10-04T09:44:25.616Z,KeWang0622/clonetax,0,25.36
2026-10-04T09:44:25.616Z,KeWang0622/cachebill,0,25.36
